id,urhoboWord,englishWord,speech
1,án,"exclamation of disbelief, shock or surprise, also used for questioning",Exclamation
2,abaka,grasshopper,Noun
3,abavo,equal,Adjective
4,abé,guilt (in a case or law-suit),Noun
5,abémuó,wrestling,Noun
6,abérha,thrice,Adverb
7,abẹrẹn,sword,Noun
8,abívẹ,twice,Adverb
9,áda,forked stick,Noun
10,ada,outing,Noun
11,adérha,three-way junction,Noun
12,ádié,position/part,Noun
13,adján,bat,Noun
14,adjaóghẹné,swallow,Noun
15,ádjeghwọghwọ,camphor,Noun
16,adjené,self acclaimed witch or wizard,Noun
17,ádjọkrótẹgba,pants,Noun
18,adjudju,fan,Noun
19,adjugẹ,wheel,Noun
20,áfe,menstruation,Noun
21,áfiéha,"stadium, playground",Noun
22,áfiédjọ,masquerade playground,Noun
23,afiotọ,rabbit,Noun
24,afọrhe,brain,Noun
25,agada,"crotch, area between the legs",Noun
26,ágógó,"gong, bell",Noun
27,agọ,"camp, temporary settlement",Noun
28,aguare,court,Noun
29,agbá (ogba),oil bean seed,Noun
30,agbada,bridge,Noun
31,agbadarizobo,altar,Noun
32,agbagba,cross,Noun
33,agbakara,raffia and oil-palm beetle,Noun
34,agbara (aga),chair,Noun
35,agbogu,dagger,Noun
36,agboro,echo,Noun
37,agbótọ,chin,Noun
38,agbọn (iride),placenta,Noun
39,agbuna,matches,Noun
40,agbrara,thunder,Noun
41,aghán,broom,Noun
42,aghighọn,chain of coral beads worn round the neck by chiefs,Noun
43,aghọghọ,joy/happiness,Noun
44,ághwá,bush,Noun
45,aghwaghwa,bush dog,Noun
46,aghware,wisdom,Noun
47,aghwọn,bush-rat,Noun
48,aghwoghwo,announcement,Noun
49,áhe,owl-like bird,Noun
50,ahọnre,sound of snoring,Noun
51,ahwa,pliers,Noun
52,ahworhẹ,sponge,Noun
53,aka,Urhobo name for the Edo (Bini) people and their language,Noun
54,ákán,bitter kola,Noun
55,akaba,specie of gong,Noun
56,akaínọrọ,snake monitor,Noun
57,akara,bean-cake,Noun
58,akikó,water-snail,Noun
59,akobẹ,metal trap used for catching small animals such as rats,Noun
60,akoríruo,office,Noun
61,akpakpasímagha,scorpion,Noun
62,akpan,"baldness, bald head",Noun
63,ákpánurhé,stool,Noun
64,akpéyéré,way of life,Noun
65,akpérẹ,elephant tusk horn,Noun
66,akpériọ,enjoyment,Noun
67,akpérusiavwrẹ,padlock,Noun
68,ákpẹvwẹ,thanksgiving,Noun
69,akpóno,very flat bead made from rubber or palm kernel shells,Noun
70,akpọ,world,Noun
71,akpọ,life,Noun
72,akrẹ,small lizard,Noun
73,ama,bell,Noun
74,ámakáshe,angel,Noun
75,ame,water,Noun
76,ameóbe,ink,Noun
77,amereka (agbakara),"locally brewed gin, ogogoro",Noun
78,amerísaguẹ,groundnut oil,Noun
79,amiédi (oghwórédi),banga soup,Noun
80,amióviẹ,tears,Noun
81,amóno,who,Noun
82,ámrádjẹ,charm for protection against the dead,Noun
83,amwá,cloth,Noun
84,anama,pride,Noun
85,ané,April,Noun
86,anikú (otéhú),lower wrapper (of the two) worn by women,Noun
87,áníní,"old coin, originally a tenth of a penny",Noun
88,apene,draughts,Noun
89,ápiápiá,hornbill,Noun
90,aphia,knife,Noun
91,areba,very poisonous seed,Noun
92,arere,baby louse,Noun
93,áriákpa,charm for protection against any poisonous thing taken in by mouth,Noun
94,arido,charm for sharp remembrance/knowledge,Noun
95,árírí,fishing net,Noun
96,aruérivwi,designated spot where traditional rites are offered to the ancestors,Noun
97,aruẹdọ,mercy,Noun
98,aruẹmrẹ,prophesy,Noun
99,arhá,March,Noun
100,arhare (ekorhi),forehead,Noun
101,arhọ,salvation,Noun
102,árhóghọ,contribution,Noun
103,árhọvwefe,special bead worn on the neck like a bow-tie by traditional rulers,Noun
104,árhuẹrẹ,development,Noun
105,asa,place,Noun
106,asá,bird with red beak that bores hole in the pit,Noun
107,asán,June,Noun
108,asadáveravwe,abattoir,Noun
109,asé,acquittal,Noun
110,asén,odd,Noun
111,aseje,everywhere,Noun
112,ásiweri,mamba,Noun
113,aso,night,Noun
114,atámu,charm for effective balance,Noun
115,atánẹ,it is said,Expression
116,átárhọvwe,charm for easy acceptance/answer,Noun
117,atẹtẹ (akpata),"tray, flat basin (made locally from a plant called éti)",Noun
118,atikprere,rumour monger,Noun
119,ató,chewing stick,Noun
120,aton,savanna,Noun
121,avá,February,Noun
122,áviávwe (aviẹn),armpit,Noun
123,avwáre,we,Pronoun
124,avwárẹn,us,Pronoun
125,avware,wide area with collection of ponds,Noun
126,ávwárhé,charm for lightness,Noun
127,ávwebọ,favourite (e.g. wife),Noun
128,avwerhe,sweetness,Noun
129,avwiana,flag,Noun
130,ávwíkpe,charm for postponing evil days such as death,Noun
131,ávwiórọvwe,wife always treated with disdain by the husband,Noun
132,ávworo,rainbow,Noun
133,avwré (ẹrọ),gill,Noun
134,avwro,argument,Noun
135,awa,hour,Noun
136,aware,ancient,Noun
137,áwúsá,Urhobo name for the Hausa people and their language,Noun
138,ayarọ,basket used by women in fishing,Noun
139,ayávwa,meet you well (i.e. at table),Expression
140,aye,woman,Noun
141,ayen,they,Pronoun
142,áyen,them,Pronoun
143,ayerórọvwe,Mrs.,Noun
144,ayerúwevwi,housewife,Noun
145,ayevevu,pregnant woman,Noun
146,ayọni,pressing iron,Noun
147,azagba (asotu),public place,Noun
148,aziza,spirit roaming in the forest which gives rise to whirlwind,Noun
149,bá,be loose (of a baby carried on the back),Transitive verb
150,bẹdẹ,never,Adverb
151,bẹdẹbẹdẹ (rhirírín),"forever, continuously (of time)",Adverb
152,bẹnẹ,romance,Transitive verb
153,bẹré,tear,Transitive verb
154,bẹsiẹye,until,Conjunction
155,bi (gere),push,Transitive verb
156,bibi,"grope, roam aimlessly",Intransitive Verb
157,biebí,black,Adjective
158,biko,please,Intransitive Verb
159,bioma,make way for,Intransitive Verb
160,bo,crow,Intransitive Verb
161,bo,swim (of fish),Intransitive Verb
162,bọ (tẹ),build,Transitive verb
163,bọrọ,comfort,Transitive verb
164,bọrọbọrọ (vwiọrọvwiọrọ),warm,Adjective
165,bu,be plentiful,Intransitive Verb
166,búbú,"awkward, clumsy",Adjective
167,bue,scrape,Transitive verb
168,buebu,many,Quantity
169,búnọ,too many/much,Quantity
170,brabra,bad,Adjective
171,bró,how many,Interrogative
172,bró,how much,Interrogative
173,bru,cut,Intransitive Verb
174,brúdú,worry (about/over something),Transitive verb
175,brúche,advise,Transitive verb
176,chá,support/aid,Transitive verb
177,chavwọ,screw,Transitive verb
178,chere,cook,Transitive verb
179,chiyi,tread (on something),Transitive verb
180,cho,steal,Transitive verb
181,chúko,help,Transitive verb
182,da,drink,Transitive verb
183,dádá,sharp,Adjective
184,dede,welcome,Transitive verb
185,dédévwo,nevertheles,Conjunction
186,dẹ,buy,Transitive verb
187,déde,careful,Adjective
188,di,block,Transitive verb
189,dia,menstruate,Intransitive Verb
190,dié,what,Interrogative
191,diguẹ,request one to say,Transitive verb
192,dino,nearly,Adjective
193,do,"thank, general greeting which expresses variety of sentiments",Transitive verb
194,dó (vwi),throw,Transitive verb
195,doghodogho,slack,Adjective
196,dọdọn,ean/thin,Adjective
197,du,mate,Transitive verb
198,djádjá,peppery,Transitive verb
199,djávwe (sínu),hide,Transitive verb
200,djé,show/explain,Transitive verb
201,dje,spray (somebody with medicine by mouth),Transitive verb
202,djẹ,run,Intransitive Verb
203,djẹ,drive away (animate objects),Transitive verb
204,djẹ,germinate,Intransitive Verb
205,djídjí (ghẹghẹ),foolish,Adjective
206,djídjí,foolishly,Adverb
207,djoma,introduce (oneself to),Intransitive Verb
208,dju,fan,Transitive verb
209,e,"yes, response to most greetings and directives",Particle
210,ebén,sharp grass,Noun
211,ébo,woven native bag made of raffia palm,Noun
212,ebó,act of crowing,Noun
213,ebó,thatch/roof,Noun
214,ébri (okuku) (eghó),darkness,Noun
215,ebró,act of cutting,Verbal Noun
216,echa,bad omen,Noun
217,echéro,forgetfulness,Noun
218,echó,stealing,Noun
219,edede,eception/welcome,Noun
220,ediri,patience,Noun
221,edo,noise,Noun
222,edovi,door frame,Noun
223,edjákekete,spider sp.,Noun
224,edje,peer,Noun
225,édjé,explanation/description,Noun
226,edjere,crocodile,Noun
227,"edjenékpo (adjanákpu)
","leopard, ‘tiger’",Noun
228,efe,wealth,Noun
229,efenudu,wrapper,Noun
230,eferifẹn,bird sp.,Noun
231,éfi,fenced hidden place where masquerades and the like are dressed,Noun
232,efi,rope used by palm collector in climbing the palm tree,Noun
233,egaga,hob,Noun
234,eganase,glass for drinking wine,Noun
235,égede,bowel,Noun
236,égenége (égedége),storey building,Noun
237,egéré (ebió),act of pushing,Verbal Noun
238,égéré (ẹkpá),vomit,Noun
239,égodi (ógodi),kite,Noun
240,égodo (iyere),compound,Noun
241,egú,pounded yam,Noun
242,égba (ọhwa),jaw,Noun
243,egbedé (ukoti),needle,Noun
244,egbedé,injection,Noun
245,egbedi,barrel once used for storing commercial oil for export,Noun
246,egbémuó,preparation,Noun
247,égbésásá,charm for glorious dance,Noun
248,égbó,forest jungle,Noun
249,egbo,ram,Noun
250,egbrí,Bahama grass,Noun
251,eghanran (okún),west,Noun
252,éghene,young man,Noun
253,éghre,enmity,Noun
254,éghróbọ,elbow,Noun
255,éghrówọ,ankle,Noun
256,éghrúgbo,knee,Noun
257,éghwo (ághwo),funnel,Noun
258,eghwóro,massage,Noun
259,eghwọghwọ,clothes’ moth,Noun
260,éghwughwẹ,chameleon,Noun
261,eghwré,July,Noun
262,eghwro (ọguotọ),hoe,Noun
263,éha (igbe),dance,Noun
264,éha,"game, play",Noun
265,éhapho,white sand,Noun
266,charha (achicha),umbrella,Noun
267,eho,fine,Noun
268,éhóhó,hidden place,Noun
269,éhún,waist,Noun
270,ehuhu,bat,Noun
271,ehware,(coitus) sexual intercourse,Noun
272,éhwé,"punishment, beating",Noun
273,ehwẹ,laughter,Noun
274,ehwéjé (ódẹn),"joke, jest",Noun
275,éhwọrhọ,swamp,Noun
276,éjíro,praise,Noun
277,ejóbi (eje),all/every,Quantity
278,ékán (éhárhó),abuse,Noun
279,ekéré,act of counting,Verbal Noun
280,eki,market,Noun
281,ékian,raffia palm,Noun
282,ékídia (échídia) (étídia),sitting,Noun
283,ekó,sewing,Noun
284,ekogho,area,Noun
285,ekó,"ayo, warri, game with 12 holes played with 4 counters each in a hole",Noun
286,ekuakua,property,Noun
287,ékúgbé,togetherness,Noun
288,ekpahe,cold,Noun
289,ekpahọ (uje gbẹ iyorin),fifty Naira (N50),Proper Name
290,ékpéhruyovwi,skull,Noun
291,ékpéré (unuébo),shout/exclamation,Noun
292,ékpeti,box,Noun
293,ékpé (orhu),sand,Noun
294,ékpo (ékpu),bag/pocket,Noun
295,ékpóghówo,thigh,Noun
296,ekpono,act of dragging,Noun
297,ekrirhékrẹbe,insect that builds a shelter of small pieces of wood round itself,Noun
298,ékru,family,Noun
299,ekru,bundle,Noun
300,ema,"dance done mainly by elderly people with the upper part of the body
exposed",Noun
301,emare,ground yam or plantain used for sacrifice,Noun
302,emé,act of plaiting (hair),Verbal Noun
303,emé,twine,Noun
304,éméghene,youth,Noun
305,ememerha,gently,Adverb
306,éméravwe,moon,Noun
307,éméravwe,month,Noun
308,émérha,little,Quantity
309,emu (emare),food,Noun
310,émúdia,standing,Noun
311,émúdiágá,solidarity,Noun
312,emuó,act of carrying,Verbal Noun
313,emuó,act of arresting,Verbal Noun
314,emuore,foodstuff,Noun
315,enákpukpu (imotosakoro),motor-cycle,Noun
316,enanadja,pineapple,Noun
317,eni,elephant,Noun
318,ení,head-pad,Noun
319,eniáme (érhén),hippopotamus,Noun
320,énivwọvo,charm for the exclusive attention of one's husband or lover,Noun
321,enó,act of quitting,Noun
322,énó,brightness,Noun
323,énu (obénu),up/top,Preposition
324,enuebro,act of grumbling,Noun
325,énuerá,ascension,Noun
326,enya,spittle,Noun
327,epini,half kobo,Noun
328,epha,"oracle, divination",Noun
329,ephẹn,urine,Noun
330,ephẹphẹ (ephẹren),ringworm,Noun
331,éphérẹ,language,Noun
332,éphérẹ,Urhobo name for the Ijọ people and their language,Noun
333,erákive (arẹn) (akive),native blade,Noun
334,eráko,dog,Noun
335,erán,crushed palm kernel fibre for making fire,Noun
336,eravwe,"animal, meat",Noun
337,eré,kind of mat,Noun
338,erere,gain,Noun
339,eri,fish,Noun
340,ériáriẹ,knowledge,Noun
341,eriávọ,over-feeding,Noun
342,erivwi,land of the dead,Noun
343,ero,backbiting,Noun
344,érurẹ,dove,Noun
345,érha,three,Numeral
346,erhare,fire,Noun
347,erhare,hell,Noun
348,érhe,kind of spice,Noun
349,érhe,yawn,Noun
350,erherin,ceiling,Noun
351,erhi,soul/spirit,Noun
352,erhi,butterfly,Noun
353,érhia (úgbéje),tale-bearing,Noun
354,erhié,alligator pepper,Noun
355,erhirhi (ómóraravwe),ant,Noun
356,erhívwi,millipede,Noun
357,erhu,hat,Noun
358,erhún,barn,Noun
359,erhué,cow,Noun
360,érhué,act of bending,Verbal Noun
361,erhuru,port,Noun
362,erhurhu,refuse dump,Noun
363,érhuvwu,beauty,Noun
364,ésan,six,Numeral
365,esábọ,bail,Noun
366,ésákpa,ant,Noun
367,esákpógodi,great-great-grandchild,Noun
368,esé,"reading, calling",Noun
369,esegbúyóta,"belief, faith",Noun
370,esi,pig,Noun
371,esiáye,sow,Noun
372,esió,writing,Noun
373,esiónó,reduction,Noun
374,esirághwá,bush pig,Noun
375,esiri,base,Noun
376,esiso,sack,Noun
377,esiso,two hundred Naira (N200),Noun
378,esivwo,treatment,Noun
379,esivwo,"act of struggling for, contesting",Noun
380,esívwórhọ,redemption,Noun
381,esha,grey hair,Noun
382,éshé,act of falling,Noun
383,eshé,failure,Noun
384,eshẹ,"rashes, crawcraw",Noun
385,eshu,devil,Noun
386,ete,ward,Noun
387,éti,éti,Noun
388,etinẹ,here,Adverb
389,etíyi,there,Adverb
390,éto,watermelon,Noun
391,etu,heap,Noun
392,evé,bargain,Noun
393,evie,breast,Noun
394,evo,some,Noun
395,evun(úgáva),"stomach, belly",Noun
396,evun,pregnancy,Noun
397,evun,in (side),Preposition
398,évun,shop/store,Noun
399,evuétué,diarrhoea/dysentery,Noun
400,evuékpárọ,abortion,Noun
401,evúghe,recognition,Noun
402,evuó,"act of reaping, harvesting",Noun
403,évurígho (ibanki),bank,Noun
404,evúvwó,roasting,Noun
405,evré,rising,Noun
406,evrénúshi,resurrection,Noun
407,évwérhẹ,dream,Noun
408,évwiẹ,birth,Noun
409,evwóghóvwo,forgiveness,Noun
410,evwómuẹ,coronation,Noun
411,evwu,bat-like animal,Noun
412,evwré,somersault,Noun
413,evwri (ófígbo),"palm oil, mineral oil",Noun
414,evwrú,dew,Noun
415,éwán,bush clearing,Noun
416,ewavwe,palm branch with leaves on,Noun
417,ewé (eghwé),"act of passing a thread through the eye of a needle, etc.",Verbal Noun
418,ewéne,"change, transfer",Noun
419,ewéri,monkey,Noun
420,éwewu,expresses happiness,Exclamation
421,éwun,shirt,Noun
422,éwunráwọ,trousers,Noun
423,eyá,bet,Noun
424,éyareya,guinea grass,Noun
425,ẹba,fish,Noun
426,ẹban,nakedness,Noun
427,ẹbamwá,rag,Noun
428,ẹbe,leaf,Noun
429,ẹbẹgbunu,lip,Noun
430,ẹbẹnẹ,"romance, love-play",Noun
431,ébére,side,Noun
432,ẹbẹre,piece,Noun
433,ébérochékọ,opposite,Noun
434,ẹbiriẹ,lemon-grass,Noun
435,ẹbo,"medicine, charm",Noun
436,ẹbó,construction,Noun
437,échẹ,door,Noun
438,ẹdá,act of drinking,Noun
439,ẹdebi,day before traditional market day,Noun
440,ẹdẹ,day,Noun
441,ẹdé,act of buying,Noun
442,ẹdẹjerọ,day after tomorrow,Noun
443,ẹdéwọ,market day; a day for abstaining from going to the bush for farming,Noun
444,ẹdia,"residence, place",Noun
445,ẹdidjana,week,Noun
446,ẹdidjanarode,Sunday,Noun
447,ẹdidjanarotete,Saturday,Noun
448,ẹdiruo,traditional working day,Noun
449,ẹdiruorérhá,Wednesday,Noun
450,ẹdiruoréné,Thursday,Noun
451,ẹdiruorésósuó,Monday,Noun
452,ẹdiruorívé,Tuesday,Noun
453,ẹdiruoríyórín,Friday,Noun
454,ẹdọ,leanness,Noun
455,ẹdúhrẹ,traditional day of abstaining from work and some other activities,Noun
456,ẹdjávwọ (esióne),act of hiding,Noun
457,édjó,court case,Noun
458,ẹdjọ,masquerade,Noun
459,ẹdjọ,shrine,Noun
460,ẹfá,translation,Noun
461,ẹfa,feast held by traditional worshippers,Proper Name
462,ẹfẹn,region of the ribs,Noun
463,ẹfré,juggling,Noun
464,ẹga,barren,Noun
465,ẹga,service,Noun
466,ẹguá,act of driving,Noun
467,ẹgua,defilement,Noun
468,ẹguare,conference/meeting/gathering,Noun
469,éguónọ,love,Noun
470,égbá,strength/effort,Noun
471,ẹgbánọ,act of embracing,Verbal Noun
472,égborhá,coven,Noun
473,égbórho,many towns grouped together,Noun
474,ẹgha,abomination,Noun
475,ẹgha,resultant effect of committing a forbidden act,Noun
476,ẹghárọ,act of dividing,Verbal Noun
477,ẹghóriẹ,majestic walk,Noun
478,ẹghwárọ,castration,Noun
479,éghweya,totality of married women in a given place,Noun
480,ẹghwére,mat,Noun
481,éghwiẹ,slap,Noun
482,ẹghwiẹ,burn,Noun
483,ẹghwóriẹ,slipperiness,Noun
484,ẹhẹn,expresses agreement,Exclamation
485,ẹhẹrẹ,expansion,Noun
486,ẹhẹrhẹ,act of waiting,Verbal Noun
487,éhérhóbọ,palm,Noun
488,éhérhówọ,sole,Noun
489,ẹho,nest,Noun
490,éhó,bath,Noun
491,ẹhónímwémwun,baptism,Noun
492,ẹhwé,October,Noun
493,ẹjo,no,Noun
494,ẹkaruvwiyọ,remembrance,Noun
495,ékegba,rust,Noun
496,ékẹ,share/portion,Noun
497,ékẹkẹtẹ,camel,Noun
498,ékévuọvo,however,Conjunction
499,ẹkiọ,sourness,Noun
500,ẹko,group,Noun
501,ẹkọ,act of planting,Verbal Noun
502,ẹkuá,act of packing,Verbal Noun
503,ẹkuedi (okedi),place where palm nut collectors process the nuts,Noun
504,ékuótọ,country,Noun
505,ẹkpa,fool,Noun
506,ẹkpa,unripe,Adjective
507,ẹkpárọ,act of lifting,Verbal Noun
508,ẹkpárọ,postponement,Noun
509,ẹkpávwiyo,answer/reply,Noun
510,ékpévwé,"gratitude, thanks",Noun
511,ẹkpo,charm for protection against machete attack,Noun
512,ékpo,swelling,Noun
513,élọhọ,charm for easy life,Noun
514,ẹmá,act of measuring,Noun
515,ẹmá,moulding,Noun
516,ẹmiẹmiẹ,sweetness,Noun
517,ẹmó,production (of fruits),Noun
518,ẹmré,"act of seeing, visitation",Noun
519,ẹmrévúghe,realisation,Noun
520,éne,four,Numeral
521,ẹnérhẹ,pacification (e.g. from crying),Noun
522,ẹbi`,act of grinding,Verbal Noun
523,ẹrán,creeping,Noun
524,ẹréré,eight,Noun
525,ẹreyọ,"admission, acceptance",Noun
526,ẹré,levelling,Noun
527,ẹrẹvwe,tongue,Noun
528,ẹrió,act of eating,Noun
529,ẹro,eye,Noun
530,ẹró,act of swallowing,Verbal Noun
531,ẹruérhié,civilisation,Noun
532,ẹruévwióvwíyọ,hope,Noun
533,ẹruévwóte,supervision,Noun
534,ẹruémré,prophecy,Noun
535,ẹruó,entry,Noun
536,ẹrhá,flying,Noun
537,ẹrha (akason),leopard,Noun
538,ẹrhẹrhẹ,swimming,Noun
539,érhóbọ,wrist,Noun
540,ẹrhóghra,dislocation (of a bone in the body),Noun
541,ẹrhorho,leech,Noun
542,ẹhrovwo,prayer,Noun
543,ẹsá,act of shooting,Verbal Noun
544,ẹsánọ,selection,Noun
545,ése,gift,Noun
546,éseróka,souvenir,Noun
547,ẹsiéfa,later,Adverb
548,ẹsió,refusal,Noun
549,ẹshé,sale,Noun
550,ẹshórọ (ekpono),act of crawling,Verbal Noun
551,ẹtá,act of recovering what is used as collateral security,Verbal Noun
552,ẹtẹrhe,pool of water,Noun
553,ẹto,hair,Noun
554,ẹtoégba,beard,Noun
555,ẹtórhẹ,act of burning,Verbal Noun
556,ẹtórọ,act of picking,Verbal Noun
557,ẹtuohoro,female pubic hair,Noun
558,ẹtuoshọ,male pubic hair,Noun
559,ẹtuóvwíyọ,beginning starting,Noun
560,ẹva (ọrhón),alligator,Noun
561,ẹvá,butchery,Noun
562,ẹvé,act of bending,Verbal Noun
563,ẹvẹ,act of belching,Verbal Noun
564,ẹvwáriẹ,repetition,Noun
565,ẹvwárọ,act of wrapping,Verbal Noun
566,ẹvwé,goat,Noun
567,ẹvwe,kola nut,Noun
568,ẹvwé,eczema,Noun
569,évwẹrẹ,pot (native),Noun
570,ẹvwiáye,she (nanny) goat,Noun
571,ẹvwóriẹ,fading,Noun
572,évwóriẹ,baby vomit,Noun
573,ẹvwó,act of swelling,Noun
574,éwa,collateral security,Noun
575,éwa,pass,Noun
576,éwén,"mind, breath",Noun
577,ẹyá,act of drying,Noun
578,ẹyarọ,bitterness,Noun
579,ẹyarọ,act of begging,Noun
580,ẹyeórin,May,Noun
581,ẹyéghré,"struggling for balance, staggering",Noun
582,fá,translate,Transitive verb
583,fa,confess,Intransitive Verb
584,fá,cane/whip,Transitive verb
585,fán,transport,Transitive verb
586,fe,be rich,Intransitive Verb
587,fefe,empty,Adjective
588,fẹnẹ,"differ, differentiate",Intransitive Verb
589,fi,leak,Transitive verb
590,fiá,split,Transitive verb
591,fiunu,hiss,Intransitive Verb
592,fobọrhe,you may return soon (farewell),Expression
593,fon,clean,Adjective
594,fori,necessary,Adjective
595,fọ (fotoyi),silence,Transitive verb
596,fọrhọ,wash (clothes),Transitive verb
597,fọrhọ,extract liquid from leaves through squeezing,Transitive verb
598,fu,quench,Transitive verb
599,fuefú,quiet,Adjective
600,fré,juggle,Transitive verb
601,fru,snatch,Transitive verb
602,ga,serve,Transitive verb
603,ga,hold baby in squatting position to ease its defecation and urination,Transitive verb
604,gagán (gan),"firmly, well",Adverb
605,gegerege,very high,Ideophone
606,géngén,very thin,Ideophone
607,gidigidi,"eager, impatient",Ideophone
608,gidigidi,describes state of flame or heat,Ideophone
609,gidigba,"stout, massive",Ideophone
610,gogorogo,very tall/high,Ideophone
611,gọ,worship,Transitive verb
612,gu,judge,Transitive verb
613,gua (djẹ),drive,Transitive verb
614,gué (guegue),frighten,Transitive verb
615,gugunu,bent,Transitive verb
616,guọ,dissolve,Transitive verb
617,guọghọ,destroy,Transitive verb
618,guoguo,"weak, sluggish",Adjective
619,guọnọ,"find, look for",Transitive verb
620,guọnọ,"want, love",Transitive verb
621,grogró,long/tall,Adjective
622,gbá,tie,Transitive verb
623,gbane,embrace,Transitive verb
624,gbe,dance,Intransitive Verb
625,gbe,narrate,Intransitive Verb
626,gbegbé,dirty,Adjective
627,gberi,"underline, rule",Transitive verb
628,gberuo,please continue with your meal (sing.),Expression
629,gbẹ,cut grass,Transitive verb
630,gbọn,smell,Intransitive Verb
631,gbogbó,rotten,Adjective
632,gbọgbọrọgbọn,"very long, tall or huge",Ideophone
633,gbrogho,shake something like a tin of oil,Transitive verb
634,gbrugho,shock,Transitive verb
635,gha,forbid,Intransitive Verb
636,ghagháre,"costly, dear, expensive",Adjective
637,ghare,divide,Transitive verb
638,gheregbe,expansive,Adjective
639,ghevweghe,ordinary,Adjective
640,gho,hoot at,Transitive verb
641,ghoro,hawk,Transitive verb
642,ghọ,entertain,Transitive verb
643,ghọriẹ,walk majestically,Intransitive Verb
644,ghrẹghrẹ,call someone's name poetically to make it more appealing,Transitive verb
645,ghroghro,transparent,Adjective
646,ghwa,"carry, take along",Transitive verb
647,ghwaghwó,old,Adjective
648,ghware,castrate,Transitive verb
649,ghwẹ,pack (things),Transitive verb
650,ghwiẹ,slap,Transitive verb
651,ghwo,exclamation of disappointment/surprise,Exclamation
652,ghwoghwo,announce,Transitive verb
653,ghworiẹ,slippery,Adjective
654,ghworo,massage,Transitive verb
655,ghworo,rub,Transitive verb
656,ghwọ,be angry,Intransitive Verb
657,ghwọrọ,waste,Transitive verb
658,ghwu,die,Intransitive Verb
659,ha,play (e.g. have fun),Intransitive Verb
660,harhe,abuse,Transitive verb
661,héhé,expresses surprise,Exclamation
662,hẹhẹre,wide,Adjective
663,hẹrhẹ,wait,Transitive verb
664,ho,fine,Transitive verb
665,họ,bathe,Transitive verb
666,họ,expresses surprise,Exclamation
667,họhọ,similar,Adjective
668,huhu,close/shut,Transitive verb
669,hra,disorganise/scatter,Transitive verb
670,hrahrahra,very dry,Ideophone
671,hwa,pay,Transitive verb
672,hwá,tighten,Transitive verb
673,hwahwa,narrow,Adjective
674,hwe,"kill, break (of glass, bottles, etc)",Transitive verb
675,hwé,punish,Transitive verb
676,hweké,expresses surprise resulting from fear,Exclamation
677,hwerhe,sweep,Transitive verb
678,hwẹ,laugh,Intransitive Verb
679,hworhẹ,wash,Transitive verb
680,hwrẹhwrẹhwrẹ,very clean,Ideophone
681,í,expresses sad feelings,Exclamation
682,ibába,one's father,Noun
683,ibábode,grandfather,Noun
684,ibefí,hunting,Noun
685,ibẹtẹni,maternity home,Noun
686,ibiabọ,charm for effective wrestling,Noun
687,íbietá,alphabet,Noun
688,ibósu (abósu),red poplin,Noun
689,ibọkpọ,mosquito net,Noun
690,ibunúku,skirt,Noun
691,íbrébru (eka) (ila),tribal marks,Noun
692,íbrehe,mud,Noun
693,ibrẹro,second (of time),Noun
694,ichíbẹ,five kobo (5k),Noun
695,ichiyi,footprint,Noun
696,idónọ,word used in reference to money mostly in the olden days,Noun
697,idọrọ,cupboard,Noun
698,ídu,cocoyam,Noun
699,idjagodo,kerosene tin,Noun
700,idjáhróhró,mumps,Noun
701,idjé,game played by young girls in which they clap hands and jump,Noun
702,ídjédje,example,Noun
703,idjérhe,road,Noun
704,idjíghere,bicycle,Noun
705,idjo (ighóró),horn,Noun
706,idjogbá,affle/gambling,Noun
707,ifada,Roman Catholic Father,Noun
708,ifiaro,scorn,Noun
709,ífikiré,because (of),Conjunction
710,ifio (oghwa),money or material given to a person in appreciation of a good performance (e.g. during dancing),Noun
711,ifo,work or something done in return for the same gesture,Noun
712,ifotó,picture,Noun
713,ifó,waterleaf,Noun
714,igábọ (ákoko),shoulder,Noun
715,igarí,garri,Noun
716,igé,Indian hemp,Noun
717,igede,drum,Noun
718,igedú,timber,Noun
719,ígógérha,triangle,Noun
720,ígógéne,square,Noun
721,ígógó,angle,Noun
722,igogono (ikoroba),bucket,Noun
723,igóvinẹ,governor,Noun
724,íguégu,gossip,Noun
725,igbe,Urhobo traditional religion,Noun
726,igberadja (ónóshóhọ),prostitute,Noun
727,ígbẹro,eyebrow,Noun
728,igbéyi (igbéhẹn),wall,Noun
729,igbo,Urhobo name for the Igbo people and their language,Noun
730,igbunegbú,armed robber,Noun
731,igbunu,mystery,Noun
732,ígho,money,Noun
733,ígho,milk teeth (of babies),Noun
734,íghorofán,transport fare,Noun
735,íghwré,seven,Numeral
736,íhwe,ten,Numeral
737,íhwegbẹ ésan,sixteen,Numeral
738,íhwe gbẹ érere,eighteen,Numeral
739,íhwegbẹ íghwré,seventeen,Numeral
740,íhwegbẹ írhirin,nineteen,Numeral
741,íhwérhá (íhwegbẹérha),thirteen,Numeral
742,íhwéné (íhwegbẹéne),fourteen,Numeral
743,íhwiórí (íhwegbẹíyorin),fifteen,Numeral
744,(íhwegbẹíyorin) íhwívé (íhwegbẹívẹ),twelve,Numeral
745,íjí,covenant,Noun
746,ikadoro,candle,Noun
747,ikebe,buttocks,Noun
748,ikenekene,hide-and-seek,Noun
749,íkeníke,stilt dance,Noun
750,ikoko,cocoa,Noun
751,ikonosha,mattress,Noun
752,íkoro (idadeghe),cloud,Noun
753,íkoro,bangle made of elephant tusks,Noun
754,ikọkọ,stammer,Noun
755,iku,crayfish,Noun
756,íkun,story,Noun
757,ikurú,drum,Noun
758,ikpachá,towel,Noun
759,íkpákpáne,(soya) beans,Noun
760,ikpámáku,zinc,Noun
761,ikpekpa,shelf,Noun
762,ikpógri,melon,Noun
763,ikpukpuyẹkẹ,duck,Noun
764,ikrasi,kerosene,Noun
765,íma,"trillion (1,000,000,000,000)",Numeral
766,imágoro,mango,Noun
767,imamiwọta,mermaid,Noun
768,imashini,machine,Noun
769,iméjẹ (eméjé) (ikpekparọre),table,Noun
770,iméjẹróghwrọrọ (eméjẹrọghwrọrọ),desk,Noun
771,imidaka (eraka),cassava,Noun
772,iminiti,minute (of time),Noun
773,ímíphopho,termite,Noun
774,ímu,excommunication,Noun
775,ímuẹró,assurance,Noun
776,ináma (imelu),cattle,Noun
777,inehweri,charm for love,Noun
778,inékuku,pigeon,Noun
779,inémẹ (igbefia),file,Noun
780,inéne,one's mother,Noun
781,inénode,grandmother,Noun
782,inónẹ,today,Noun
783,ínú,dirt,Noun
784,ipóto,pot (imported),Noun
785,ipọtó,button,Noun
786,íre (esha),beans (white),Noun
787,iredio (agboro),radio,Noun
788,iróba,"rubber tree, rubber",Noun
789,iroro,thought,Noun
790,irósu,rice,Noun
791,íruéru,activity,Noun
792,íruo,job,Noun
793,íruobọ,handiwork,Noun
794,íruorugbóbọ,manual work,Noun
795,irháro,presence,Noun
796,irhíbo (isíbo),pepper,Noun
797,írhirin,nine,Numeral
798,írhóbo,Urhobo name for the Itsekiri people and their language,Noun
799,irhue,liver,Noun
800,irhuó,mode of dressing,Noun
801,isabato,shoe,Noun
802,isáma,sardine,Noun
803,isara,"saw, carpenter's implement",Noun
804,iséné,camwood,Noun
805,isẹ,amen,Noun
806,isẹ,proverb,Noun
807,isí,"East, also used in addressing a group of people",Noun
808,isigáti,cigarette,Noun
809,ísio,star,Noun
810,isiórho,foreign land,Noun
811,isírógbo,special bed designed for a bride on circumcision,Noun
812,isódje (isoja),soldier,Noun
813,ísọ,"excreta, stool, faeces",Noun
814,ísuésu,administration,Noun
815,isuéta,cardigan,Noun
816,ísha,beans (brown),Noun
817,ísháshá,black pepper,Noun
818,ishéne (ushéne),ten kobo (10k),Noun
819,ishéne íhwe,one Naira (N1),Noun
820,ishéne íyorin,fifty kobo (50k),Noun
821,ishuáwúsá,bedbugs,Noun
822,ítába,tobacco,Noun
823,itáson,pot (imported),Noun
824,itetebe,water lettuce,Noun
825,ité,parable-like statement,Noun
826,telẹvishọn (ekpetiughe),television,Noun
827,itiani,blanket,Noun
828,itiró,black eyeliner substance used by women as cosmetic on the eyes,Noun
829,itomátosi,tomato,Noun
830,itonotono (itatono),turkey,Noun
831,itọshi,torch,Noun
832,itú,mushroom,Noun
833,itutu,fungus,Noun
834,ívévé,promise,Noun
835,ívẹ,two,Numeral
836,iviẹwa,guarantor,Noun
837,ivuémióvwó,annoyance,Noun
838,ívwirhi,smoke,Noun
839,ivwo,bud,Noun
840,ívwori,stream,Noun
841,ivworhíya,tapioca,Noun
842,ivwughẹ,foam,Noun
843,ivwri,fat,Noun
844,ivwri,ants that build their nest beneath the leaves,Noun
845,ivwríte,scrotum,Noun
846,íwurhie,ash,Noun
847,íyáko,gum (teeth),Noun
848,íyáwọ,soldier ant,Noun
849,íye,sacrifice,Noun
850,iye,word for appreciating an ideal situation,Exclamation
851,iyési,horse,Noun
852,iyẹnrẹn,news,Noun
853,iyésiri,gospel,Noun
854,iyori,curse,Noun
855,iyori,oath,Noun
856,íyorin,five,Numeral
857,izẹn,strawberry,Noun
858,izẹbu,counterfeit (of money),Adjective
859,izóbo,offering,Noun
860,jẹ,choose,Transitive verb
861,jé,let,Transitive verb
862,jẹ,speak,Transitive verb
863,jé,yet,Conjunction
864,ji,send,Transitive verb
865,jiro,praise,Transitive verb
866,jokpa nẹ,unless,Conjunction
867,joma,almost,Adverb
868,jomaótọ,be careful,Adjective
869,jomaótọ,carefully,Adverb
870,jovwo,leave off,Intransitive Verb
871,kada,response of kings and chiefs to the greetings and praise-singing of their subjects,Expression
872,kákán (phiéphié),at all,Adverb
873,kare,lock,Transitive verb
874,kare,scratch,Transitive verb
875,karovwiyọ,remember,Intransitive Verb
876,kasakasa,anywhere,Noun
877,kere,count,Transitive verb
878,kerhọ,listen,Transitive verb
879,ke,give,Adverb
880,kẹdẹkẹdẹ,"everyday, daily",Expression
881,kédófa,till another day/goodbye,Adverb
882,kẹkẹrẹkẹ,precise or required amount,Adverb
883,kẹré,"near, next, by",Preposition
884,késiéfa,till another time/goodbye,Expression
885,kẹsiéye (távwe),before,Conjunction
886,kidia (tidia) (chidia),sit,Transitive verb
887,kídié,what else,Interrogative
888,kíré,as/like,Conjunction
889,ko,sew,Transitive verb
890,kódẹ (tódẹ),till tomorrow/goodnight,Expression
891,kokakoka,"all kinds, any kind",Ideophone
892,koko,together,Adverb
893,kokódo,deep,Adjetive
894,kokódo,deeply,Adverb
895,kókórókó,"firmly, tight",Adverb
896,kohwokohwo,anybody,Pronoun
897,kóravwọkóravwọ,anything,Pronoun
898,korhokorho,every town,Noun
899,kotakota,every word,Noun
900,kọ,plant,Transitive verb
901,kọkekọke,"always, anytime",Adverb
902,kọre,pluck,Transitive verb
903,ku,pour,Transitive verb
904,kua,pack (property),Transitive verb
905,kueki,depreciate in value,Intransitive Verb
906,kuere (muogba),fence,Transitive verb
907,kugbé,and,Conjuction
908,kuomagbe,unite,Transitive verb
909,krénkrén,piecemeal,Adverb
910,kri,keep long,Intransitive Verb
911,kru,assemble (of things),Transitive verb
912,kpa (geri),vomit,Transitive verb
913,kpahe (kpa),about/on,Preposition
914,kpare,lift,Transitive verb
915,kpare,postpone,Transitive verb
916,kpatakpata,quickly,Adverb
917,kpavwiyọ,answer/reply,Transitive verb
918,kpé,knit,Transitive verb
919,kpénu,high,Adjective
920,kperi (bunu),shout,Intransitive Verb
921,kpẹn,peel,Transitive verb
922,kpẹkpẹrẹkpẹ,till dawn (staying awake),Adverb
923,kpẹkpẹvwiẹ,shallow,Adjective
924,kpẹvwẹ,be grateful to,Transitive verb
925,kpirhi,fold,Transitive verb
926,kpogho,shake,Transitive verb
927,kpokpo (naghe),worry/trouble,Transitive verb
928,kpókpọ,fresh/new,Adjective
929,kpono,drag,Transitive verb
930,kpono (shọrọ),crawl,Intransitive Verb
931,kpótọ,low,Adjective
932,kpó,deflect,Transitive verb
933,kpọ,dry,Intransitive Verb
934,kpọnọkpọnọ,lumpy,Adjective
935,kpọrhọ,make wet,Transitive verb
936,kprégédé,"suddenly, unexpectedly",Adverb
937,má,measure,Transitive verb
938,ma,mould,Transitive verb
939,mamọ,well,Adverb
940,manọ,writhe,Intransitive Verb
941,marho,"especially, particularly",Adverb
942,mavó,how,Interrogative
943,me,plait,Transitive verb
944,meru,"pretend, feign",Intransitive Verb
945,mé,mine/my,Pronoun
946,mí (mé),I,Pronoun
947,mi,squeeze,Transitive verb
948,mie,take,Transitive verb
949,miẹmiẹ,sweet,Adjective
950,míguẹ,I am on my knees (greeting from a junior person to a senior or more elderly one),Expression
951,miomiovwi,ugly,Adjective
952,miovwi,spoil,Transitive verb
953,misiẹguare,I greet the gathering (before and after making a speech),Expression
954,momo,borrow,Transitive verb
955,mọ,produce,Intransitive Verb
956,mu,carry,Transitive verb
957,mu,arrest,Transitive verb
958,mu,be afflicted (e.g. by sickness or disease),Transitive verb
959,mudia,stand,Transitive verb
960,muegbe,"prepare, get ready",Intransitive Verb
961,muodẹ,give name,Transitive verb
962,mrẹ,see,Transitive verb
963,mrẹvughe,realise,Intransitive Verb
964,mrobọ (mruvwẹ),"find time, get a chance to",Intransitive Verb
965,mwa,press (of fruit),Transitive verb
966,na,the,Article
967,nabe,properly,Adverb
968,nana,this/these,Pronoun
969,nánánáná,"now, just now",Adverb
970,ne,"excrete, pass out faeces",Transitive verb
971,nené,follow,Transitive verb
972,nẹ,from,Preposition
973,nẹrhẹ,pacify,Transitive verb
974,ni,look,Transitive verb
975,no,shine,Intransitive Verb
976,nọ,ask,Transitive verb
977,nó,"grind, sharpen",Transitive verb
978,nónó,"drip, pour a drop at a time",Transitive verb
979,nọnọ,soft,Adjective
980,nọnọnọ,"greasy, oily",Adjective
981,nuvie,open (locked object only),Transitive verb
982,nyavwe,to use cutlass on,Transitive verb
983,nyẹ,press,Transitive verb
984,nyo,hear,Intransitive Verb
985,óba,end,Noun
986,obáro (aro),"front, forward",Noun
987,obere,basket,Noun
988,obiebi,black (used in some contexts as biebi),Adjective
989,obo,what,Pronoun
990,obóhwẹre (obágobọ),left hand,Noun
991,obónẹ,"this side, here",Pronoun
992,obótọ (ótọ),under,Pronoun
993,obóyi,"that side, there",Pronoun
994,obọ,hand,Noun
995,obọ,recently,Adjectivee
996,obọde,intact,Adverb
997,obórhe,right hand,Noun
998,obọúnu,I am at table,Expression
999,obọvo (ẹsiẹvo),once,Adverb
1000,obúko,"back, behind",Noun
1001,obruche,adviser,Noun
1002,ochá,wedge,Noun
1003,oché (ẹtéyọ),blow,Noun
1004,ocheremu,cook,Noun
1005,ochẹ,water pot,Noun
1006,óchíbẹ,eunuch,Noun
1007,oda (ágáda) (ọpia),cutlass/machete,Noun
1008,odemuo,"naming, name-giving",Noun
1009,odẹ,name,Noun
1010,ódẹ,tomorrow,Adverb
1011,ódẹrówarena (ódẹrókporina),yesterday,Adverb
1012,ódi,deaf-mute,Noun
1013,odi,grass,Noun
1014,odín,even,Noun
1015,odibo,servant,Noun
1016,ódíbó,banana,Noun
1017,odiodi,"nought, zero, nothing",Noun
1018,odo,fever,Noun
1019,ódó,big mortar,Noun
1020,ódódó,flower,Noun
1021,odóvá,nickname,Noun
1022,odú,"one hundred thousand (100,000)",Numeral
1023,odúduíma,"billion (1000,000,000)",Numeral
1024,odúdúrú,"million (1,000,000)",Numeral
1025,oduvwiro,goldsmith,Noun
1026,odja,soap,Noun
1027,ódjan,hookworm,Noun
1028,ódjádja,pain,Noun
1029,odjávwọ,secret,Noun
1030,odjephia,"exhibition, introduction (e.g. as part of a book)",Noun
1031,odjidjiro,cold,Adjective
1032,odjigbẹ,yellow bush-yam,Noun
1033,odjigbẹ,long slender cutlass used for grass cutting,Noun
1034,odjiko,mat made of raffia palm,Noun
1035,odju (avwẹrẹ) (aphopho),wind/air,Noun
1036,odjúvwú,heaven,Noun
1037,ofán,transport,Noun
1038,ófe,yam-beetle,Noun
1039,ófe,tuberculosis,Noun
1040,ofénẹ,difference,Noun
1041,ofi,smallpox,Noun
1042,ofiá,lie,Noun
1043,ofovwi,war,Noun
1044,ógága,power,Noun
1045,ogebene,dish,Noun
1046,ógẹ,pimple,Noun
1047,ogiribo,stormy rain,Noun
1048,ogodẹ,sheep,Noun
1049,ogoro,frog,Noun
1050,ogue,‘robin’ [no robins in Nigeria],Noun
1051,oguefia (ovwọrefia),liar,Noun
1052,ógba,fence,Noun
1053,ogbá,iron,Noun
1054,ógbe,quarter,Noun
1055,ogbere,poverty,Noun
1056,ogbeyin (arirhiri),tortoise,Noun
1057,ógbẹnẹ,eel,Noun
1058,ógbo,python,Noun
1059,ogbóko,distance,Noun
1060,ógborígbo (ọwọrhọn),"monitor lizard, ‘iguana’",Noun
1061,ogborhuane,cock,Noun
1062,(okokoroko) ogbọ,tree felling stage in the preparation of farm land,Noun
1063,ogbọnọ,bullet,Noun
1064,ogbú,warrior,Noun
1065,ogha (ogaga),long instrument with barbs used for killing fish (e.g. spear),Noun
1066,oghare,division,Noun
1067,oghẹrúvo,afternoon,Noun
1068,óghóghori,lizard,Noun
1069,oghoremu,hawker,Noun
1070,oghọ,branch,Noun
1071,oghọre,hook,Noun
1072,oghresi,mouse,Noun
1073,oghriki,tree sp.,Noun
1074,oghwá,load,Noun
1075,óghwa,stall,Noun
1076,oghwara,castrated animal (e.g. pig),Noun
1077,oghwara,gourd,Noun
1078,oghwévwri (oghwófígbo),oil soap,Noun
1079,oghwó (irhibo),soup,Noun
1080,oghwókpo,toad,Noun
1081,ogrogro,"tall, long",Noun
1082,oha,mockery,Noun
1083,ohahe,silk-cotton tree,Noun
1084,oheri,heat,Noun
1085,óhéhẹre,width,Noun
1086,ohori,worm,Noun
1087,óhoró,vagina,Noun
1088,ohọre,neck,Noun
1089,ohọnre,fight,Noun
1090,óhórọ,skin,Noun
1091,óhra,disorganisation,Noun
1092,ohro (erawevwi),rat,Noun
1093,ohwahwa,harmattan,Noun
1094,ohwérivwi,ghost,Noun
1095,ohwiyeri,fisherman,Noun
1096,ohwó,person,Noun
1097,ohwóhwó,each other,Noun
1098,ohwórákpọ,human being,Noun
1099,oja,suffering,Noun
1100,ojá,yam stick,Noun
1101,oji,thief,Noun
1102,ojọrọ,chain,Noun
1103,oka,type/kind,Noun
1104,óka,mark,Noun
1105,ókákọ,crop,Noun
1106,ókao,masquerade,Noun
1107,ókarerivwi,birth mark,Noun
1108,okárọ,gun-shot,Noun
1109,okárọ,wardrobe,Noun
1110,oke,Urhobo name for the Yoruba people and their language,Noun
1111,okemwa,tailor,Noun
1112,okere,frog sp.,Noun
1113,okidiagbara (ochidiagbara),chairman,Noun
1114,óko (ugbeya) (ọsẹ),friend,Noun
1115,okó,asset,Noun
1116,okọ,boat/canoe,Noun
1117,okọrédi,boat used locally for production of palm oil,Noun
1118,okọrénu (ẹrupleni),aeroplane,Noun
1119,okọrérháre (okuna),ship,Noun
1120,okọrórivwi (ékpetiórivwi),coffin,Noun
1121,okọrótọ (imóto),motor vehicle,Noun
1122,okọrúhọphe,raft,Noun
1123,okuba,necessity,Noun
1124,okugbé,federal,Noun
1125,okugbé,togetherness,Noun
1126,okukuji (okpurhukpurhu),owl,Noun
1127,okuogho (uriọfọ) (onẹso) (ọvwauyovwi),headtie/headscarf,Noun
1128,okpa,calabash,Noun
1129,ókpa,hand-woven wrapper as thick as blanket,Noun
1130,okpagha,oil-bean tree,Noun
1131,okpahọvo,two Naira (N2),Noun
1132,okpakpa,haste,Noun
1133,okpému,big hawk,Noun
1134,okpému,"strange thing, extraordinary thing that beats imagination",Noun
1135,okpetú (ógbarógba),trouble,Noun
1136,okpohrókpo,lion,Noun
1137,ókrẹkrẹ,shortness,Noun
1138,okri (ẹkpro),he (billy) goat,Noun
1139,oma (ugboma),body/self,Noun
1140,óma,image,Noun
1141,omagáre,how are you?,Interrogative
1142,omamẹ,myself,Pronoun
1143,omámọ,fruit,Noun
1144,omamọ (uvi),best/special,Adjective
1145,omaohwó,oneself,Pronoun
1146,omarávwáre,ourselves,Pronoun
1147,omaráyen,themselves,Pronoun
1148,omarowan (omarovwan),yourselves,Pronoun
1149,omaróyen,"himself, herself, itself",Pronoun
1150,omavwerhovwẹ,"pleasure, gladness, joy",Noun
1151,omawẹn,yourself,Pronoun
1152,omédje,introduction,Noun
1153,omékuogbe,unity,Noun
1154,omérovwo,holiday,Noun
1155,omeru,pretence,Noun
1156,omévwuo,pomposity,Noun
1157,omécha,protection,Noun
1158,omédja,harshness,Noun
1159,omériọ,jealousy,Noun
1160,omévuọ,shame,Noun
1161,omévwárhọ,struggling,Noun
1162,omévwávwọ,competition,Noun
1163,omévwọvwọ (ovwọvwọvwe),disgrace,Noun
1164,omíragua,mister (Mr.),Noun
1165,ómógodẹ,lamb,Noun
1166,ómoko,parrot,Noun
1167,ómókri (émékpro),young he-goat,Noun
1168,ómóni,relation,Noun
1169,ómótete,infant,Noun
1170,ómozé,plate (unbreakable),Noun
1171,omurú,arbitrary act,Noun
1172,oná,skill,Noun
1173,ónánó (onọ),question,Noun
1174,ónẹ,race,Noun
1175,óni,mother,Noun
1176,óniáruakpọ,stepmother,Noun
1177,óniáye,in-law (female),Noun
1178,onini,master,Noun
1179,óniorọvwe,mother/sister in-law,Noun
1180,óniọvo,brother/sister,Noun
1181,oniru,programme,Noun
1182,oniyono,syllabus,Noun
1183,óno,who (sing.),Interrogative
1184,ónógbo,cat,Noun
1185,Ólókú,sea-god,Proper Name
1186,onorí,leader,Noun
1187,ólórógun,chief,Noun
1188,onótu,commissioner/minister,Noun
1189,onughe,spectator,Noun
1190,ópiri,dance,Noun
1191,opháro,face,Noun
1192,óphiọrọ,whistle,Noun
1193,óphopho,pepper soup,Noun
1194,óphopho (irhiberhare),pepper soup,Noun
1195,óphọrọ,mudfish,Noun
1196,ora,sore,Noun
1197,oraévun,stomach ulcer,Noun
1198,óraóbọ,bracelet,Noun
1199,óraóhọre,necklace,Noun
1200,órávwọ,thing/something,Noun
1201,orere,hare,Noun
1202,orẹ,feast,Noun
1203,órẹ,plea,Noun
1204,orémré,sight,Noun
1205,orí,pomade,Noun
1206,óri,food made of corn,Noun
1207,orin,pus,Noun
1208,oriaren,August,Noun
1209,órié,palm tree,Noun
1210,orivwi,corpse,Noun
1211,orivwiéshó,funeral,Noun
1212,óro,gold,Noun
1213,oró,wasp,Noun
1214,ororigho,accountant,Noun
1215,orọvwe,marriage,Noun
1216,órua,extended family,Noun
1217,oruchó,crime,Noun
1218,orugbá,completion,Noun
1219,orukérí,revenge,Noun
1220,orukugbé,co-operation,Noun
1221,orukuruku,corruption,Noun
1222,orumwemwu,sinner,Noun
1223,orúrú,thread,Noun
1224,órhá,witchcraft,Noun
1225,orhare,well,Noun
1226,órhére,midwife,Noun
1227,orhérẹn,reverend (Rev.),Noun
1228,orhérhé,cricket,Noun
1229,orhẹ,abdomen,Noun
1230,orhié,verdict,Noun
1231,orhirhi,electric fish,Noun
1232,orho (órere),town,Noun
1233,órhóma,surrounding,Preposition
1234,órhó,ear,Noun
1235,órhua,deer,Noun
1236,orhuẹ,madness,Noun
1237,orhué,hunter,Noun
1238,orhuẹre,catfish,Noun
1239,órhuéro,blind person,Noun
1240,osa,debt,Noun
1241,osa,salary,Noun
1242,ósáye,payment made as compensation for defiling another man's wife,Noun
1243,osébro,deposit,Noun
1244,oseghe,contest,Noun
1245,óseri,witness,Noun
1246,ósé,scale,Noun
1247,osévwe (eheri),fashionably dressed for an occasion,Noun
1248,osi,stroke,Noun
1249,osiẹbe,secretary,Noun
1250,osio,rain,Noun
1251,osioruru (álẹ),spider,Noun
1252,osivwohwo,saviour,Noun
1253,osọnọ,anguish,Noun
1254,osuigodẹ,shepherd,Noun
1255,oshenyé,oppression,Noun
1256,óshó,penis,Noun
1257,oshọ,fear,Noun
1258,oshu,louse,Noun
1259,otá,speech/word,Noun
1260,ótáfe (uphẹphẹ),outside,Noun
1261,otáríroro,poem,Noun
1262,otebene (égo),tumbler,Noun
1263,ótete,small,Adjective
1264,otí (irigbẹyi),leprosy,Noun
1265,ótọ,ground/down,Noun
1266,ótọ,meaning,Noun
1267,otóvwe,longevity,Noun
1268,otu,majority/group of people,Noun
1269,óva,scolding,Noun
1270,ovákpó,window,Noun
1271,ovie,king/traditional ruler,Noun
1272,ovieraye,queen,Noun
1273,óvié,cry,Noun
1274,óvuẹ,message,Noun
1275,ovwavwa,plank,Noun
1276,óvwarha,bead (in general),Noun
1277,ovwerhẹ,sleep,Noun
1278,ovwi,measles,Noun
1279,óvwie,shade,Noun
1280,ovwiégbére,poor person,Noun
1281,ovwié,leather,Noun
1282,ovwién,clay,Noun
1283,ovwiẹrẹ,laziness,Noun
1284,ovwiévwe,deceit,Noun
1285,ovwoó,south,Noun
1286,óvwọvwọ,evening,Noun
1287,ovwu,anger,Noun
1288,óvwrovwro,co-wife,Noun
1289,ówáre,brief period of sunshine in the rainy season (August break),Noun
1290,ówe,mosquito,Noun
1291,owe,bush mango,Noun
1292,owẹ,fishpond,Noun
1293,owẹvwe,hunger,Noun
1294,ówia,work,Noun
1295,ówórhi,catarrh,Noun
1296,owọ,leg,Noun
1297,ówọrhe,cough,Noun
1298,óyan,walk/movement,Noun
1299,oyao,garden egg,Noun
1300,oyare,begging,Noun
1301,oyavwe,circumcision,Noun
1302,óyibó,white man,Noun
1303,óyibótọ (obobo),mulatto/albino,Noun
1304,oyivwi,boldness,Noun
1305,oyivwi (aruéyivwo),rudeness,Noun
1306,oyóma,okay/good,Adjective
1307,oyono,teacher,Noun
1308,oyonorode,professor,Noun
1309,oyoyovwi,beautiful,Adjective
1310,oyubu,sugar,Noun
1311,ozé,basin,Noun
1312,ózighé,murderer,Noun
1313,ozighi,"roughness, trouble making",Noun
1314,ọ (o),"he, she, it",Pronoun
1315,ọbara,blood,Noun
1316,ọbe,book,Noun
1317,ọberíyẹnrẹn,newspaper,Noun
1318,ọberóvuẹ,letter,Noun
1319,ọberófeta,dictionary,Noun
1320,ọberúkeri,calendar,Noun
1321,ọberúseri,certificate/receipt,Noun
1322,ọbẹrokpa,palm nuts collector,Noun
1323,ọbiúyovwi,charm for longevity,Noun
1324,ọbo,doctor (medical/traditional),Noun
1325,ọbóba,young thing/offspring,Noun
1326,ọbóba,"young, tender",Adjective
1327,ọboepha,oracle man,Noun
1328,ọboériáriẹ,doctor (academic),Noun
1329,ọboimwu (ọboihuvwu),pharmacist,Noun
1330,óboine,singer,Noun
1331,ọbuwevwi,architect,Noun
1332,ọchó,hip,Noun
1333,ọchuko,helper,Noun
1334,ọchuyovwi,pillow,Noun
1335,ọda,paint,Noun
1336,ọdafe,rich person,Noun
1337,ọdávwẹ,interest/desire,Noun
1338,ọdavwiní,examination,Noun
1339,ọdavwiní,temptation,Noun
1340,ọdemu,customer,Noun
1341,ódọ,larvae of beetle,Noun
1342,ọdja,sweat,Noun
1343,ófa,another,Pronoun
1344,ọfarhiẹ,fornication,Noun
1345,ọfeta,translator,Noun
1346,ọfé,tilapia,Noun
1347,ọfẹto,comb,Noun
1348,ófo,tick,Noun
1349,ọfuanfo,white,Adjective
1350,ọga (emiavwe),disease/sickness,Noun
1351,ọgá,sir/boss,Noun
1352,ọgán (ogén),animal track,Noun
1353,ọgadiẹ,crab,Noun
1354,ọgagan,"tough, strong, hard",Adjective
1355,ọgarephẹn,diabetics,Noun
1356,ọgẹdjọ,idol worshipper,Noun
1357,ọgẹrobọ (urárá),ladle,Noun
1358,ógọ,in-law (male),Noun
1359,ọgó,bottle,Noun
1360,ọgọdọ,pit,Noun
1361,ọgọghẹnẹ,Christian,Noun
1362,ọgọrọ,raffia palm,Noun
1363,ọguá,palace,Noun
1364,ọguá,town hall,Noun
1365,ọguimoto,driver,Noun
1366,ógbá,hero,Noun
1367,ógban,thirty,Numeral
1368,ọgban,horn,Noun
1369,ógbóre,glutton,Noun
1370,ógbúdi,drunkard,Noun
1371,óghágháre,dear/precious,Adjective
1372,Óghẹné (osonobrughwẹ),God,Noun
1373,ọghọ,respect/honour,Noun
1374,ọghọ,virginity,Noun
1375,ọghọrọgbọdọ,elephant grass,Noun
1376,ọghrẹrẹ,centipede,Noun
1377,ọghware,cheating,Noun
1378,ọghweta,reporter,Noun
1379,óghwéfia,charm for protection against gun shot,Noun
1380,ọghwékoko,gathering,Noun
1381,ọghwérẹ,farmer,Noun
1382,ọghwo,old age,Noun
1383,ọghwọrọ,waste,Noun
1384,ọghwrọrọ,slope,Noun
1385,ọhẹrhuwevwi,wall gecko,Noun
1386,ọhohowa (ọhọaghwa),bushfowl,Noun
1387,óhọ,fowl,Noun
1388,ọhó,sense,Noun
1389,óhọáye,heavy (in some contexts = họhọhọ),Adjective
1390,ọhọvwọre,chieftaincy title,Noun
1391,óhróware,shrew,Noun
1392,ọhwarhisọ,dung-beetle,Noun
1393,ọhwẹre (igbrigbririn),tadpole,Noun
1394,ọhwẹre,"eye pain like ""Apollo""",Noun
1395,óhwẹróbọ,left-handed person,Noun
1396,óhwúnu,gun,Noun
1397,ọja,toothache,Noun
1398,ọjẹfia,disrespect,Noun
1399,óka,"corn, maize",Noun
1400,ọkán,sunbird,Noun
1401,ọkakúro,chieftaincy title,Noun
1402,ọkaórho,title normally given to the oldest man in a town,Noun
1403,ọkarekọ,woodpecker,Noun
1404,ọke,time,Noun
1405,ọké (okpé),miserliness,Noun
1406,ọkefiọke,occasionally,Adverb
1407,ọkeghọrọ,kingfisher,Noun
1408,ọkevó,when,Interrogative
1409,ọkẹre,tide/flood,Noun
1410,ọkiévwiẹ,birthday,Noun
1411,ọkiorhọ,"harvest season (of yams, crops etc)",Noun
1412,ọkiósio,rainy season,Noun
1413,ọkiọvo,sometimes,Adverb
1414,ọkiúvo,dry season,Noun
1415,ọkó (ighwre),village,Noun
1416,ọko,"gift parcel, present",Noun
1417,ókókó,corner,Noun
1418,ọkpá,thickness,Noun
1419,ọkpáko,senior,Noun
1420,ọkparibibẹ,pincers,Noun
1421,ọkparivie,brassière,Noun
1422,ọkpo,piles,Noun
1423,ọkpó,walking stick,Noun
1424,ọkpó,bamboo,Noun
1425,ókpọ,namesake,Noun
1426,ọkpóbia,squirrel-like animal,Noun
1427,ókpórho,fish box/refrigerator,Noun
1428,ókpórhorórivwi,mortuary,Noun
1429,ókpórhoróbara,blood bank,Noun
1430,ọkrẹkrẹ,short,Adjective
1431,óméro,pupil (of eye),Noun
1432,ọmiọvwọ,"nursing mother, woman having children",Noun
1433,ómótọ,"native, indigene",Noun
1434,ómó,child,Noun
1435,ómọbóba,baby,Noun
1436,ómọfófa,bushbaby,Noun
1437,ómọkpáko,first born,Noun
1438,ómómare,old person,Noun
1439,ómọráruakpọ,stepchild,Noun
1440,ómọrovie,"prince, princess",Noun
1441,ómọróriọka,bastard,Noun
1442,ómósẹ,half brother/sister,Noun
1443,ómóshare,boy,Noun
1444,ómótẹ (ọgbọtọ) (ọkọkọ),girl,Noun
1445,ómótobẹ,old married woman who returns to her father's compound to stay,Noun
1446,ọmraro,prophet,Noun
1447,ómwa,soldier fish,Noun
1448,ọnégbáge,wrapper,Noun
1449,ọnéki,trader,Noun
1450,ọné,yam,Noun
1451,ọnókpa,policeman,Noun
1452,ónya,lobster,Noun
1453,ọnyẹ,incubus,Noun
1454,ọnyé,weight,Noun
1455,ọnyẹnyé,sardine,Noun
1456,ónyọ,bee,Noun
1457,ọpuọpuọ,ray (fish),Noun
1458,ọre,tsetse fly,Noun
1459,ọre,meal,Noun
1460,ọrémuọghọkẹ,honourable,Noun
1461,ọriéda (azẹ),witch/wizard,Noun
1462,ọriẹ,arrogance,Noun
1463,ọrígbẹ (evuén),porcupine,Noun
1464,órígbo,bitterleaf,Noun
1465,ọriọka,weaver bird,Noun
1466,ọrobiebi,cobra,Noun
1467,ọrovwori,lord,Noun
1468,ọrhá,"idol, shrine",Noun
1469,ọrhárha,visitor/stranger,Noun
1470,ọrháre,bachelor,Noun
1471,ọrhe,odour,Noun
1472,órhe,native chalk,Noun
1473,ọrhẹ (ọdẹ),plantain,Noun
1474,ọrhẹrotọ,security guard (be it day or night),Noun
1475,ọrhierhia,tale-bearer/traitor,Noun
1476,ọrho,growth,Noun
1477,ọrhoghwo,sieve,Noun
1478,ọrhorhorho (ọtuabọ),hot,Adjective
1479,ọse,lover,Noun
1480,ọscba,upper wrapper (of the two) worn by women,Noun
1481,ọséte,plate (breakable),Noun
1482,ósẹ,father,Noun
1483,ósẹráruskpọ,stepfather,Noun
1484,ọsia,gorilla (also powerful person),Noun
1485,ọsipíto,hospital,Noun
1486,ọso,hawk,Noun
1487,ósorọvwe,father/brother in-law,Noun
1488,ọsoso (ovwiọvwiọ),straight,Noun
1489,ọsoso,"full, complete",Noun
1490,ọsosuáda,main part of a street,Noun
1491,ọsuere,main part of a town,Noun
1492,ósúke,humpback,Noun
1493,óshare (ọhworhare),man,Noun
1494,óshareórọvwe,husband,Noun
1495,ọtan,squirrel,Noun
1496,ọtishé,charm for effective blow,Noun
1497,ọtota,spokesman,Noun
1498,ọtọke (ọtokpẹ),miser,Noun
1499,ọtọrọ,pattern of wrapper worn by men,Noun
1500,ọvié,slave,Noun
1501,ọvo,one,Numeral
1502,óvo,only,Adverb
1503,ọvo,certain,Adjective
1504,óvuikpe,January,Noun
1505,ọvuọvo,same,Noun
1506,ọvuóvó,one by one/step by step,Adjective
1507,ọvwá,bride,Noun
1508,ọvwághware,wise man,Noun
1509,óvwáre,young palm,Noun
1510,óvwe,frond,Noun
1511,ọvwe,food prepared without salt,Noun
1512,ọvwéro,backbiter,Noun
1513,ọvwerhotọ,puff adder,Noun
1514,ọvwẹ,viper,Noun
1515,ọvwé,free,Noun
1516,ọvwiẹrẹ,lazy person,Noun
1517,ọvwísusu,"rascal, a nuisance",Noun
1518,ọvwósoghoro,vagabond,Noun
1519,ọvwóshọ,coward,Noun
1520,ọvwóvwa,non witch or wizard,Noun
1521,ọvwózighi,"rough person, confusionist",Noun
1522,ọvwófarhiẹ,fornicator,Noun
1523,ọvwọrikọkọ,stammerer,Noun
1524,ọvwúrhuru,"selfish person, one who has greed for others' food or things",Noun
1525,ọvwúvwohwo,person without helper,Noun
1526,óvwra,bird,Noun
1527,ọvwréghrẹ,enemy,Noun
1528,ọwára,priest,Noun
1529,ọwẹnẹwẹnẹ,statement that tends to examine an issue in alternative manner,Expression
1530,ọyavwemetẹ,person who circumcises women,Noun
1531,óye,"him, her or it",Pronoun
1532,ọyikọ,messenger,Noun
1533,ọyọrigho,treasurer,Noun
1534,ọyọrọmọ,housemaid,Noun
1535,paparapa,flat,Adjective
1536,patapata,anyhow,Adverb
1537,pépé,throbbing,Adjective
1538,pépé,quietly,Adverb
1539,pẹpé,pet,Transitive verb
1540,pẹtẹpẹtẹ,watery,Adjective
1541,piápiá,state of not being ripe,Adjective
1542,piọpiọpiọ,pointed (sharp tip),Adjective
1543,potokri,Portuguese person,Noun
1544,pọkọpọko,robust,Adjective
1545,pueké,massive,Adjective
1546,puépué,clean,Adjective
1547,puéché,sluggish,Adjective
1548,puépué,over-ripe or overcooked,Adjective
1549,phẹ,urinate,Intransitive Verb
1550,phẹn,"expand, widen (of something)",Transitive verb
1551,phẹn,cave in (e.g. of pit),Intransitive Verb
1552,pho,jump,Transitive verb
1553,phopho,blow,Transitive verb
1554,phopho,smoke,Transitive verb
1555,phorophoro,gentle,Ideophone
1556,phorophoro,not clearly,Adverb
1557,rare,lick,Transitive verb
1558,ravware,our,Pronoun
1559,rayen,their,Pronoun
1560,re,eat,Transitive verb
1561,reghereghe,indefinite,Adjective
1562,rere,"in order to, so that",Conjunction
1563,rérhá,third,Adjective
1564,résáa,sixth,Adjective
1565,reyọ,take,Transitive verb
1566,rẹ,beg/plead,Transitive verb
1567,ré,of,Particle
1568,réné,fourth,Adjective
1569,rérére,eighth,Adjective
1570,résosuọ,first,Adjective
1571,riakpọ,enjoy,Transitive verb
1572,riariẹ,round,Adjective
1573,rié,wipe,Transitive verb
1574,riérié,"lure, entice",Transitive verb
1575,rioriorio,smooth,Adjective
1576,ríghwré,seventh,Adjective
1577,ríhwé,tenth,Adjective
1578,ririe,tickle,Transitive verb
1579,rírhiri,ninth,Adjective
1580,rívé,second,Adjective
1581,ríyorin,fifth,Adjective
1582,ro,enter,Transitive verb
1583,rode,big,Adjective
1584,roro,"think, add",Intransitive Verb
1585,rovwo,forget,Transitive verb
1586,rowán (rovwán),your (coll.),Pronoun
1587,rọ,swallow,Transitive verb
1588,rọvwọ,marry,Transitive verb
1589,rọyen,"his, her, its",Pronoun
1590,ru,do/make,Transitive verb
1591,rua,poison/bewitch,Transitive verb
1592,rukugbe,co-operate,Transitive verb
1593,rhá,unite,Transitive verb
1594,rha,fly,Intransitive Verb
1595,rhare,paint,Transitive verb
1596,rharhe,bore (hole),Transitive verb
1597,rhẹ,filter,Transitive verb
1598,rhẹriẹ,turn,Transitive verb
1599,rhẹrhẹ,swim,Intransitive Verb
1600,rhie,open,Transitive verb
1601,rhiririn,"non-stop, continuously",Adjective
1602,rhívwi (hirhe),return,Intransitive Verb
1603,rho,parboil (of fish or meat halfway),Transitive verb
1604,rhoma,again,Adjective
1605,rhovwo,bite,Transitive verb
1606,rhọ,rain,Intransitive Verb
1607,rhọghọ,lay (egg),Transitive verb
1608,rhọvwe,agree/accept,Transitive verb
1609,rhuẹ,bend (down),Intransitive Verb
1610,rhurhu,cover,Transitive verb
1611,sa,shoot,Transitive verb
1612,sa,"burst, break open explosively",Intransitive Verb
1613,sane,select,Transitive verb
1614,sánsán,different,Adjective
1615,sasasa,smart,Adjective
1616,se,read,Transitive verb
1617,se,refuse,Transitive verb
1618,sé,call,Transitive verb
1619,segbúyóta,believe,Intransitive Verb
1620,sẹ (heri),dress (for an occasion),Intransitive Verb
1621,si,write,Transitive verb
1622,si,pull,Transitive verb
1623,siẹné(rere),"so that, so as to",Conjuction
1624,siévuóvo(rharhiri),at once,Adverb
1625,sivwi,treat,Transitive verb
1626,sivwi,"contest, struggle for",Transitive verb
1627,so,tap,Transitive verb
1628,so,sing,Intransitive Verb
1629,sobọ,shake hand,Transitive verb
1630,su,"lead, escort",Transitive verb
1631,suesú,sticky,Adjective
1632,shá,word to chase away domestic animals,Exclamation
1633,she,fall,Transitive verb
1634,she,fail,Intransitive Verb
1635,shenyé,oppress,Transitive verb
1636,sherhẹ,lie,Transitive verb
1637,shesheri,far,Adjective
1638,shẹ,sell,Transitive verb
1639,shi,bury,Transitive verb
1640,shiguẹ,kneel down,Intransitive Verb
1641,shórọ,crawl,Intransitive Verb
1642,shu,capsize,Intransitive Verb
1643,Shuo!,expresses surprise,Exclamation
1644,ta,talk/say,Transitive verb
1645,tá (chá),word for rebuking,Expression
1646,téri,enough,Adjective
1647,tẹ,"fall out of grace, to be without honour",Intransitive Verb
1648,tighitighi,tangled state,Ideophone
1649,titi,"be renowned, be famous",Intransitive Verb
1650,tivọ,where,Interrogative
1651,torhẹ,burn,Transitive verb
1652,tọ,dig,Transitive verb
1653,tọ,live long,Interrogative
1654,tọre,pick,Transitive verb
1655,tu,summon,Transitive verb
1656,tue,purge,Interrogative
1657,tuó,chew,Transitive verb
1658,tuvwiyọ,begin/start,Transitive verb
1659,ubeku,bone,Noun
1660,ubékpe,wing,Noun
1661,úbi,seed,Noun
1662,ubí,"charcoal, soot",Noun
1663,úbiáko,tooth,Noun
1664,úbiébi,emphatic word for dark complexion,Noun
1665,úbiédada,rib,Noun
1666,úbiédi,palm-nut,Noun
1667,úbiéhú,kidney,Noun
1668,úbiényẹ,angle,Noun
1669,úbiérágha (úbiúkuta),stone,Noun
1670,úbieri,mudfish sp.,Noun
1671,úbígho,cowry,Noun
1672,úbióhoró,clitoris,Noun
1673,ubiota,"letter (a, b, c, etc.)",Noun
1674,ubiotako,consonant,Noun
1675,ubiotaupho,vowel,Noun
1676,úbiówọ,ball by the ankle,Noun
1677,úbiri,spear,Noun
1678,úbiúdú,heart,Noun
1679,úbiúgbo,knee cap,Noun
1680,úbiupho,Adam's apple,Noun
1681,úbiúrhe,stick,Noun
1682,úbivie,coral bead,Noun
1683,úbívun,intestine,Noun
1684,ubuara,handwoven wrapper worn by elders,Noun
1685,úbrésiso,hundred Naira (N100),Noun
1686,ubrevwiẹ,last born,Noun
1687,úbro,half,Noun
1688,úbrótọ,state,Noun
1689,úbrúwevwi,room,Noun
1690,úchébro,advice,Noun
1691,uché,quantity,Noun
1692,uchere,cookery,Noun
1693,uchivwo,pillar,Noun
1694,úchúkówọ,heel,Noun
1695,úchuku,stump,Noun
1696,uchunu,amount,Noun
1697,udene (ódókó),male agama lizard,Noun
1698,udi,"drink, wine",Noun
1699,údí,"grasscutter, cane-rat",Noun
1700,udiáme (ọgọrọ),palmwine,Noun
1701,údídẹ,earthworm,Noun
1702,udidi,"dignity, charisma",Noun
1703,údiéweri (okpe),chimpanzee,Noun
1704,udió (orhá),cork,Noun
1705,údo,riddle,Noun
1706,údú,chest,Noun
1707,úduébro,anxiety,Noun
1708,udje,energetic Urhobo dance,Noun
1709,údjú (óghweri),farm,Noun
1710,úfí,trap,Noun
1711,úfífobọ,fingernail,Noun
1712,úfiówọ,sole rash,Noun
1713,úfuomá,peace,Noun
1714,ugana (ibara),balcony,Noun
1715,úgé,fish-trap,Noun
1716,ugo,eagle,Noun
1717,úgúgunu,bend,Noun
1718,uguegue,shock,Noun
1719,úgba,game of children involving jumping on the ground,Noun
1720,úgbáda,simultaneously,Adverb
1721,ugbakana (agbada),ladder,Noun
1722,ugbenu,mountain/hill,Noun
1723,ugbére,gonorrhoea,Noun
1724,ugbévwiẹ,age-group,Noun
1725,ugbẹ,"pen, biro, pencil",Noun
1726,ugbẹáme,"pen, biro",Noun
1727,ugbẹóyaya,pencil,Noun
1728,úgbévwére,"potsherd, broken earthenware",Noun
1729,ugbí,seed-yam for planting,Noun
1730,ugbo,bone between the knee and the ankle,Noun
1731,ugbóbọ,arm,Noun
1732,ugbogbo,caterpillar,Noun
1733,úgbónẹ,speed,Noun
1734,ugbọmo,child belt,Noun
1735,úgbọvó,single wrapper worn by unmarried girl,Noun
1736,úgbugberi,across,Adverb
1737,ugbuko (uko),back,Noun
1738,ugbunu (unu),mouth,Noun
1739,ughé,spectacle,Noun
1740,ughegbe,mirror,Noun
1741,úghére,outskirts of a town or village,Noun
1742,úghéghẹ,foolishness,Noun
1743,ughẹn,period set aside for a woman to sleep with her husband,Noun
1744,ughọjọ (unọke),"watch, clock",Noun
1745,ughwaka,salt,Noun
1746,ughweri,native salt,Noun
1747,ughwu,death,Noun
1748,ughwru,boundary,Noun
1749,úgrógro,length,Noun
1750,uhéréviáso,midnight,Noun
1751,uhérévie,"middle, between",Preposition
1752,úhóhi,spiny part of the palm tree containing the leaves,Noun
1753,uhohi,navel,Noun
1754,úhoho,shadow,Noun
1755,úhwerhe,sugar-cane,Noun
1756,úhwóvó (ihwegbẹọvo),eleven,Numeral
1757,uje,twenty,Numeral
1758,uji,theft,Noun
1759,ujórin,hundred,Numeral
1760,ujórha,sixty,Numeral
1761,ujórhagbẹihwe,seventy,Numeral
1762,újọ,"fly-whisk, object made of the tail of the horse used for decoration or
dancing",Noun
1763,ujóne,eighty,Numeral
1764,ujónegbẹihwe,ninety,Numeral
1765,ujúvẹ,forty,Numeral
1766,ujúvẹgbẹihwe,fifty,Numeral
1767,uke,"hump, hunch",Noun
1768,uke,style in Urhobo wrestling,Noun
1769,ukéké,piece of stick used for setting trap,Noun
1770,ikeri,number,Noun
1771,úké,egg,Noun
1772,ukécha,help,Noun
1773,úkérékpẹ,brick,Noun
1774,ukẹun,potash,Noun
1775,úkó,cup,Noun
1776,ukodo,ood prepared with meat and yam or plantain together (mixed grill),Noun
1777,ukókó,association/society,Noun
1778,ukoko,(tobacco) pipe,Noun
1779,ukokódia,coconut palm,Noun
1780,ukoni,kitchen,Noun
1781,ukori,lump,Noun
1782,úkówọ,top of the foot,Noun
1783,úkọ,misfortune,Noun
1784,ukókóghọ,small calabash used for storing medicine,Noun
1785,ukópa (ikọbọ),one kobo (1k),Noun
1786,úkọvwá,bridesmaid,Noun
1787,úku,heritage,Noun
1788,ukujẹrẹ,spoon,Noun
1789,ukúta,rock,Noun
1790,ukútarírhibo (onanọ),grinding stone,Noun
1791,úkúwevwi,back yard,Noun
1792,úkpavwre,bile,Noun
1793,ukpe,year,Noun
1794,úkpe (éhwá),bed,Noun
1795,úkpébó,white poplin,Noun
1796,ukpéré,instead of,Preposition
1797,ukperi,scandal,Noun
1798,úkpokpo (ókónọ),missile,Noun
1799,úkpókpógho,disturbance,Noun
1800,úkpokpomá,"problem, worriedness",Noun
1801,ukpono,lame person,Noun
1802,ukpono (úhwérhe),broom used in sweeping open places like compound while standing,Noun
1803,ukpotọ,pothole,Noun
1804,úkpọkẹre,gutter,Noun
1805,úmáko,pepper fruit,Noun
1806,umẹ,committee,Noun
1807,úmé,cucumber,Noun
1808,umi,sack used to squeeze water out of ground cassava,Noun
1809,úmióvwo,destruction,Noun
1810,úmuému (úrubé),boil,Noun
1811,úmuwevwi,cottage,Noun
1812,umwamwa,belt used by women,Noun
1813,umwemwu,sin,Noun
1814,umwáyá,belt,Noun
1815,umwu (uhuvwu),drug,Noun
1816,une,song,Noun
1817,unédi,bunch of palm-nuts,Noun
1818,unó (ulóhó),oak [no oak trees in Nigeria],Noun
1819,unórhẹ,bunch of plantains,Noun
1820,unu,hole,Noun
1821,unuémióvwo,slander,Noun
1822,unuéphérẹ,tribe,Noun
1823,unuékó,quarrel,Noun
1824,unurévie,nipple,Noun
1825,unurúwén,nostril,Noun
1826,unúrhoro,entrance/gate,Noun
1827,únúsọ,anus,Noun
1828,úpé,scar,Noun
1829,upéré (ubíbẹ),nail,Noun
1830,úphiáphiá,cane/whip,Noun
1831,uphó,throat,Noun
1832,úpho,flesh,Noun
1833,úphóro,feather,Noun
1834,úre,totality,Noun
1835,úrié,vein,Noun
1836,urí,two hundred,Numeral
1837,urí gbẹ ujórin,three hundred,Numeral
1838,uriórin,one thousand,Numeral
1839,uriórha,six hundred,Numeral
1840,iriórha gbẹ ujórin,seven hundred,Numeral
1841,uriọdja,handkerchief,Noun
1842,urióne,eight hundred,Numeral
1843,urióne gbẹ ujórin,nine hundred,Numeral
1844,uriri,glory,Noun
1845,úririẹ,spice variety,Noun
1846,urívẹ,four hundred,Numeral
1847,urívẹ gbẹ ujórin,five hundred,Numeral
1848,úróko,mile/kilometre,Noun
1849,úruému,behaviour,Noun
1850,úruhré  (úfí),rope,Noun
1851,urúrúvwen,December,
1852,úrhé,tree,Noun
1853,úrhi,law,Noun
1854,urhié,river,Noun
1855,úrhi,queue,Noun
1856,urhévwe,destiny,Noun
1857,úrhióbọ,finger,Noun
1858,úrhiówọ,toe,Noun
1859,urhiórin,September,Noun
1860,úrhiọke,morning,Noun
1861,úrhirako,fox,Noun
1862,urho (udo),mortar,Noun
1863,urhó,gum tree sp.,Noun
1864,urhuẹ (ogbẹ),home,Noun
1865,úrhúghweri,mangrove sp.,Noun
1866,úrhukpẹ (úkpẹ),lamp/light,Noun
1867,urhuru,selfishness,Noun
1868,urhuru,voice,Noun
1869,úrhúrhu,tail,Noun
1870,urhúvwu,street,Noun
1871,usa,ring,Noun
1872,úsábọ,scratch,Noun
1873,úságuẹ,groundnut,Noun
1874,úse,call,Noun
1875,úseki,charm for business promotion,Noun
1876,úsekpe,snail,Noun
1877,úseri,"proof, evidence",Noun
1878,usi,fame,Noun
1879,úsi,line,Noun
1880,usí,starch,Noun
1881,úsiavwrẹ,key,Noun
1882,usigá,jigger,Noun
1883,usigho,charm for wealth,Noun
1884,usú,company,Noun
1885,úsuo,government,Noun
1886,usuọvwa,middleman (within the context of marriage),Noun
1887,úshavwo,okra,Noun
1888,usheneuwámwá,twenty kobo (20k),Noun
1889,ushi,grave,Noun
1890,úshọvó,November,Noun
1891,ushurhe,axe,Noun
1892,utéhru,steel,Noun
1893,útiẹ (ọsa),orange,Noun
1894,utohri,pestle,Noun
1895,utóró,three kobo (3k),Noun
1896,utú,north,Noun
1897,utudjéru (itijoro),scissors,Noun
1898,útughẹ,hut,Noun
1899,utunédi,bunch of palm-nuts from which the nuts had been removed,Noun
1900,útuomá,charm that exposes someone to hatred,Noun
1901,ututa,onion,Noun
1902,útúwevwi (ótọrúwevwi),floor,Noun
1903,útúwevwi,parlour,Noun
1904,uví,paddle,Noun
1905,úvi,real,Noun
1906,uvie,kingdom,Noun
1907,uvo (ọren),"sun, sunshine",Noun
1908,úvun,bedroom,Noun
1909,uvuówọ,calf,Noun
1910,uvumwemwu,wickedness,Noun
1911,uvweri,mourning,Noun
1912,uvwerhi,reluctance,Noun
1913,úvwési (ipóko),pork,Noun
1914,úvwẹ,chance,Noun
1915,uvwiẹ,generation,Noun
1916,úvwié,"fart, foul air through the anus",Noun
1917,uvwiéreri,shoal,Noun
1918,uvwré,midst,Preposition
1919,uvwróvwró,crevice,Noun
1920,uvwrọmọ,grandchild,Noun
1921,úwén,nose,Noun
1922,úwe,thorn,Noun
1923,úwéré,hardship,Noun
1924,uwerúyóno (isukuru),school,Noun
1925,uwevwi,house,Noun
1926,uwevwiẹbe,library,Noun
1927,uwevwiótọ,bungalow,Noun
1928,uweyi,errand,Noun
1929,úwén,big fish-trap,Noun
1930,uwéga (ishọshi),church,Noun
1931,uwódi,prison,Noun
1932,uwórha,shrine,Noun
1933,úyérén,"greeting, appreciation",Noun
1934,uyere,moat,Noun
1935,úyé,fly,Noun
1936,úyédjọ,mask,Noun
1937,úyóno,lesson,Noun
1938,úyóta,truth,Noun
1939,uyovwi,head,Noun
1940,úyovwióta,theme,Noun
1941,úzo (akora),antelope,Noun
1942,va,scold,Transitive verb
1943,vá,"butcher, break into parts (e.g. kola-nut)",Transitive verb
1944,ve,bargain,Transitive verb
1945,vẹ,disperse (of a crowd),Transitive verb
1946,vé,with,Preposition
1947,vẹn (gunu),bend,Transitive verb
1948,vẹrhe,before,Adverb
1949,vie,suck,Transitive verb
1950,viẹ,cry,Intransitive Verb
1951,vo,draw (e.g. water out of well),Transitive verb
1952,vó,which,Interrogative
1953,vu,uproot,Transitive verb
1954,vué,tell,Transitive verb
1955,vughe,know/recognise,Transitive verb
1956,vuvwu,roast,Transitive verb
1957,vrẹ,rise,Interrogative
1958,vwá,revoke,Transitive verb
1959,vwa,word that relates to the state of a person or thing,Interrogative
1960,vware,wrap,Transitive verb
1961,vwarié,repeat,Transitive verb
1962,vwarhe,struggle,Intransitive Verb
1963,vwavware,red,Adjective
1964,vwavwarhe (ghéghé),light,Adjective
1965,vwavwe,weigh,Transitive verb
1966,vwerhẹ,sleep,Intransitive Verb
1967,vwevwerhe,delicious,Adjective
1968,vwẹ (mẹ),me,Pronoun
1969,vwé,"within, in",Preposition
1970,vwẹghẹvwẹghẹ,flat,Ideophone
1971,vwẹre,fast,Adjective
1972,vwi,stone,Transitive verb
1973,vwié,deceive,Transitive verb
1974,vwiẹ,born,Transitive verb
1975,vwiọvwiọ,straight,Ideophone
1976,vwirhi,break (with hands),Preposition
1977,vwiyẹ,into,Transitive verb
1978,vwó (vwó),use,Transitive verb
1979,vwọ,assist a person in lifting a load to the head,Transitive verb
1980,vwọvwe,disgrace,Transitive verb
1981,vwu,swell,Transitive verb
1982,vwre,turn (somebody/something) over,Transitive verb
1983,vwrẹ,cut (with hands),Transitive verb
1984,vwro,argue,Transitive verb
1985,vwru,survive,Intransitive Verb
1986,wá (vwán),you (coll.),Pronoun
1987,wá (vwán),you (obj.) (coll.),Pronoun
1988,wa,pass (examination),Intransitive Verb
1989,wavrẹ,"outstrip, overtake, pass",Transitive verb
1990,weke,word describing the vastness of an injury,Ideophone
1991,wene,"change, transfer",Transitive verb
1992,wéruo,please continue with your meal (coll.),Expression
1993,wẹ (wọ),you (sing.),Pronoun
1994,wẹ,you (obj.) (sing.),Pronoun
1995,wén,you (sing.),Pronoun
1996,wẹn,breathe,Intransitive Verb
1997,wẹnẹ,exchange words with,Transitive verb
1998,wia,work,Transitive verb
1999,wo,descend,Transitive verb
2000,wo,put down (of load carried by a person),Transitive verb
2001,yá,catch,Transitive verb
2002,yan,walk/move,Intransitive Verb
2003,yanra (ra) (kpo),go,Intransitive Verb
2004,yárá,bitter,Adjective
2005,yavwe,circumcise,Transitive verb
2006,yáyá,dry,Adjective
2007,Yéghwérẹ,safe journey!,Expression
2008,yena,that/those,Pronoun
2009,yeri,climb,Transitive verb
2010,yerobuwevwi,greet all at home,Expression
2011,yẹghrẹ,struggle for balance,Intransitive Verb
2012,yéré (éyé),or,Conjunction
2013,yoma,boast,Intransitive Verb
2014,yono,"learn, study",Transitive verb
2015,yoyovwi (yovwi),"fine, well",Adverb
2016,yọre,hold,Transitive verb
2017,ze,"offer, sacrifice",Transitive verb
2018,"zighizighi
(yaghayagha)",rough,Ideophone
2019,zighizighi,roughly,Adverb